n,k,prove_median_ms,prove_mean_ms,prove_stddev_ms,prove_p95_ms,verify_median_ms,verify_mean_ms,verify_stddev_ms,verify_p95_ms,proof_bytes,statement_bytes,bundle_bytes,samples
13,1,147.000,152.100,13.150,186.000,106.000,107.100,6.172,109.000,5365,1457,6822,30
13,4,164.000,167.933,13.597,183.000,121.000,125.367,12.791,164.000,6037,1649,7686,30
13,13,209.000,212.567,12.034,248.000,150.000,154.733,13.290,189.000,8053,2225,10278,30
26,1,280.000,285.133,16.506,321.000,201.000,210.133,29.910,243.000,9941,2705,12646,30
26,4,297.000,300.900,13.037,334.000,216.000,221.933,18.833,262.000,10613,2897,13510,30
26,13,350.000,353.233,17.055,398.000,245.000,246.233,9.982,273.000,12629,3473,16102,30
52,1,553.000,558.867,18.794,602.000,396.000,412.700,64.231,438.000,19093,5201,24294,30
52,4,562.000,573.133,36.661,608.000,403.000,413.433,25.549,440.000,19765,5393,25158,30
52,13,595.000,610.767,40.154,728.000,430.000,436.067,20.881,478.000,21781,5969,27750,30
52,26,662.000,684.933,55.266,830.000,467.000,473.867,25.428,517.000,24693,6801,31494,30
