n,k,residual_setup_ns,cross_key_ns,bayer_groth_ns,slot_or_ns,prove_total_ns,serialization_ns,verify_cross_key_ns,verify_bayer_groth_ns,verify_slot_or_ns,verify_total_ns
13,1,3837084,872291,17154083,13863750,35856000,120250,749959,12739791,10509166,24985584
13,4,5014750,3721417,17956917,14472292,41306541,200417,3000625,12901292,10541000,27525708
13,13,8089875,11813125,17656292,14487209,52601583,338083,10000459,13173250,11070458,36003375
26,1,7685917,914250,35771458,29425875,75041042,387209,781250,25416500,22722250,50822541
26,4,8391375,3646042,33540333,28210333,74181750,402125,3040459,24748375,21618500,51976000
26,13,11040000,11490958,32680375,27486916,83080959,515708,9697875,23975667,21000875,56811792
52,1,14281333,893333,65042125,56439375,137242125,761792,750125,46767417,42676666,93479834
52,4,15194125,3686958,65871875,57581958,142828416,732208,3038292,48078125,43639417,98283709
52,13,18482792,12005875,68010833,57788584,157729083,992666,9895583,47998167,43883875,106299625
52,26,22726417,23700958,65099166,56813541,169413375,1118584,19715291,46751459,42952875,113603167
