n,k,prove_median_us,prove_mean_us,prove_stddev_us,prove_p95_us,verify_median_us,verify_mean_us,verify_stddev_us,verify_p95_us,proof_bytes,statement_bytes,prove_peak_bytes,verify_peak_bytes,samples
13,1,36371,36396.567,552.556,37127,25045,25180.767,492.580,26176,5365,1457,20526,10624,30
13,4,39279,39709.067,1828.143,41187,27968,29491.000,4710.208,40902,6037,1649,22378,9952,30
13,13,51399,53084.467,6234.443,61138,35960,36968.700,2470.595,41558,8053,2225,27834,7936,30
26,1,71619,72873.367,3829.897,80141,49551,51607.000,6348.860,61067,9941,2705,40320,21440,30
26,4,75912,78216.833,7304.003,84619,52606,53987.867,3609.429,60111,10613,2897,42172,20768,30
26,13,83247,83545.133,2301.380,90271,56856,56840.967,857.507,58560,12629,3473,47628,18752,30
52,1,134000,134529.600,2421.676,138384,92984,93054.467,1521.677,96334,19093,5201,79908,43072,30
52,4,139317,141919.767,8489.359,167751,99551,101489.833,6040.875,110336,19765,5393,81760,42400,30
52,13,157026,157931.700,7046.343,171582,105415,108699.167,9675.865,126610,21781,5969,87216,40384,30
52,26,167695,170492.400,7437.549,191106,113297,116483.867,10390.558,139789,24693,6801,95208,37472,30
